,0
target_cal_doy_sin,947
target_cal_doy_cos,774
horizon,461
target_rollmean720h,370
target_rollstd720h,346
target_cal_hour_sin,343
target_lag0h,322
target_rollmean336h,277
target_cal_dow_sin,273
target_rollstd336h,270
target_rollstd168h,231
cal_doy_sin,230
target_rollmean168h,218
cal_doy_cos,213
target_cal_dow_cos,178
target_rollstd72h,178
target_rollmean24h,175
target_rollmean72h,163
target_cal_hour_cos,119
target_lag720h,109
target_lag1h,90
target_lag72h,87
target_lag2h,82
target_lag504h,81
target_lag336h,77
target_rollstd24h,75
target_lag24h,70
target_lag168h,63
target_lag48h,46
target_lag6h,41
